{
  "RN ten Doeschate": 1,
  "J Yadav": 1.2083333333333333,
  "S Nadeem": 1.5925925925925926,
  "R Ashwin": 1.6013986013986015,
  "Z Khan": 1.65625,
  "V Kohli": 1.6666666666666667,
  "MC Henriques": 1.7263157894736842,
  "Parvez Rasool": 1.8235294117647058,
  "MA Starc": 1.8323353293413174,
  "M de Lange": 1.875
}